case_id,amp,pw,Ea_mean,Ea_sigma,tfe,epife_read,Iref,VFB_read,VG_name,dV1,dV3,dV10,dV30,dV100,dV300,dV1000,dV3000,A1,A3,A10,A30,A100,A300,A1000,A3000,ratio1,ratio10,ratio100,g1_1_10,g2_10_100,g3_100_1000,g4_1000_3000,A1e6_pred,is_mono,trend_good,score,Nread_str,Avec_str,elapsed_s
A1p65_PW0p02us_Em0p95_Es0p18_tfe1p20em6_epi22p00_Iref1p00em7_VFBmp50_VGm0p8_to_2p2,1.65,2e-08,0.95,0.18,1.2e-06,22,1e-07,-0.5,VGm0p8_to_2p2,0,0,-0.0205693770893547,-0.0205693770893535,-0.0925715152742644,-0.0822908534954692,-0.113199899219946,-0.123213919561263,0,0,0.0205693770893547,0.0205693770893535,0.0925715152742644,0.0822908534954692,0.113199899219946,0.123213919561263,0,0.166940368122349,0.751307284143633,0.0205693770893547,0.0720021381849097,0.0206283839456814,0.010014020341317,0.16557490654141,0,0,0.184075689126658,[1 3 10 30 100 300 1000 3000],[0 0 0.0205694 0.0205694 0.0925715 0.0822909 0.1132 0.123214],106.8063329
A1p65_PW0p02us_Em0p95_Es0p20_tfe1p20em6_epi22p00_Iref1p00em7_VFBmp50_VGm0p8_to_2p2,1.65,2e-08,0.95,0.2,1.2e-06,22,1e-07,-0.5,VGm0p8_to_2p2,0,0,-0.0205259513664975,-0.0411320988575233,-0.051329433675382,-0.0514717393436108,-0.112926651866588,-0.164563963091184,0,0,0.0205259513664975,0.0411320988575233,0.051329433675382,0.0514717393436108,0.112926651866588,0.164563963091184,0,0.124729320933552,0.311911749761037,0.0205259513664975,0.0308034823088845,0.0615972181912059,0.0516373112245961,0.382998457322222,1,1,6.28528445833929,[1 3 10 30 100 300 1000 3000],[0 0 0.020526 0.0411321 0.0513294 0.0514717 0.112927 0.164564],122.5459488
A1p65_PW0p02us_Em1p00_Es0p18_tfe1p20em6_epi22p00_Iref1p00em7_VFBmp50_VGm0p8_to_2p2,1.65,2e-08,1,0.18,1.2e-06,22,1e-07,-0.5,VGm0p8_to_2p2,0,0,-0.0103307628300741,-0.0205259513664975,-0.0410583463880274,-0.0512599880910443,-0.0923312827960344,-0.0923008047396685,0,0,0.0103307628300741,0.0205259513664975,0.0410583463880274,0.0512599880910443,0.0923312827960344,0.0923008047396685,0,0.11192494864169,0.444831943814912,0.0103307628300741,0.0307275835579534,0.051272936408007,-3.04780563659124e-05,0.0923008047396685,0,0,0.417654468854057,[1 3 10 30 100 300 1000 3000],[0 0 0.0103308 0.020526 0.0410583 0.05126 0.0923313 0.0923008],90.8067937
A1p65_PW0p02us_Em1p00_Es0p20_tfe1p20em6_epi22p00_Iref1p00em7_VFBmp50_VGm0p8_to_2p2,1.65,2e-08,1,0.2,1.2e-06,22,1e-07,-0.5,VGm0p8_to_2p2,0,0,0,-0.0411365347413956,-0.0411365347413952,-0.0822819587297333,-0.0821167022876163,-0.123187996992607,0,0,0,0.0411365347413956,0.0411365347413952,0.0822819587297333,0.0821167022876163,0.123187996992607,0,0,0.333932978420488,0,0.0411365347413952,0.040980167546221,0.0410712947049903,0.296926467752199,0,0,-1.89535909667648,[1 3 10 30 100 300 1000 3000],[0 0 0 0.0411365 0.0411365 0.082282 0.0821167 0.123188],102.3122473
A1p65_PW0p03us_Em0p95_Es0p18_tfe1p20em6_epi22p00_Iref1p00em7_VFBmp50_VGm0p8_to_2p2,1.65,3e-08,0.95,0.18,1.2e-06,22,1e-07,-0.5,VGm0p8_to_2p2,0,-0.0102363948219664,-0.0205259513664976,-0.0617081341655779,-0.0717945530090658,-0.0822908534954696,-0.133725850586443,-0.123463026563144,0,0.0102363948219664,0.0205259513664976,0.0617081341655779,0.0717945530090658,0.0822908534954696,0.133725850586443,0.123463026563144,0,0.166251807831714,0.581506504478466,0.0205259513664976,0.0512686016425682,0.0619312975773776,-0.0102628240232995,0.123463026563144,0,0,0.576655663765392,[1 3 10 30 100 300 1000 3000],[0 0.0102364 0.020526 0.0617081 0.0717946 0.0822909 0.133726 0.123463],111.8316471
A1p65_PW0p03us_Em0p95_Es0p20_tfe1p20em6_epi22p00_Iref1p00em7_VFBmp50_VGm0p8_to_2p2,1.65,3e-08,0.95,0.2,1.2e-06,22,1e-07,-0.5,VGm0p8_to_2p2,0.0102753846609501,-0.0205259513664975,-0.0205259513664975,-0.0615842977545266,-0.112954814792357,-0.113095325280927,-0.123409627779005,-0.144001235247393,0.0102753846609501,0.0205259513664975,0.0205259513664975,0.0615842977545266,0.112954814792357,0.113095325280927,0.123409627779005,0.144001235247393,0.0713562258219319,0.142540106209742,0.784401707376336,0.0102505667055474,0.0924288634258592,0.0104548129866482,0.0205916074683884,0.231107191310787,1,0,0.699704336942873,[1 3 10 30 100 300 1000 3000],[0.0102754 0.020526 0.020526 0.0615843 0.112955 0.113095 0.12341 0.144001],121.9810672
A1p65_PW0p03us_Em1p00_Es0p18_tfe1p20em6_epi22p00_Iref1p00em7_VFBmp50_VGm0p8_to_2p2,1.65,3e-08,1,0.18,1.2e-06,22,1e-07,-0.5,VGm0p8_to_2p2,0,-0.0101973348178598,0,-0.0205280976479355,-0.0512251759197114,-0.071827145743085,-0.0923312827960336,-0.12344965229412,0,0.0101973348178598,0,0.0205280976479355,0.0512251759197114,0.071827145743085,0.0923312827960336,0.12344965229412,0,0,0.414947915751653,0,0.0512251759197114,0.0411061068763223,0.0311183694980864,0.255085578747458,0,0,0.485503162725192,[1 3 10 30 100 300 1000 3000],[0 0.0101973 0 0.0205281 0.0512252 0.0718271 0.0923313 0.12345],87.9396379
A1p65_PW0p03us_Em1p00_Es0p20_tfe1p20em6_epi22p00_Iref1p00em7_VFBmp50_VGm0p8_to_2p2,1.65,3e-08,1,0.2,1.2e-06,22,1e-07,-0.5,VGm0p8_to_2p2,0,0,-0.0308013360274476,0,-0.0514260912859265,-0.102640512294279,-0.112898440448075,-0.102662045626109,0,0,0.0308013360274476,0,0.0514260912859265,0.102640512294279,0.112898440448075,0.102662045626109,0,0.300026517488506,0.500926033299767,0.0308013360274476,0.0206247552584788,0.0614723491621489,-0.0102363948219663,0.102662045626109,0,0,-2.50562473438186,[1 3 10 30 100 300 1000 3000],[0 0 0.0308013 0 0.0514261 0.102641 0.112898 0.102662],102.309488
A1p65_PW0p05us_Em0p95_Es0p18_tfe1p20em6_epi22p00_Iref1p00em7_VFBmp50_VGm0p8_to_2p2,1.65,5e-08,0.95,0.18,1.2e-06,22,1e-07,-0.5,VGm0p8_to_2p2,-0.0103720422714946,-0.010197334817861,-0.0103307628300745,-0.0514717393436115,-0.0821253158391403,-0.10286913638987,-0.092300804739668,-0.154306366490692,0.0103720422714946,0.010197334817861,0.0103307628300745,0.0514717393436115,0.0821253158391403,0.10286913638987,0.092300804739668,0.154306366490692,0.0672172024225602,0.0669496862963052,0.532222472130432,-4.12794414200723e-05,0.0717945530090658,0.0101754889005276,0.0620055617510236,0.416600300845368,0,0,-2.16093289660389,[1 3 10 30 100 300 1000 3000],[0.010372 0.0101973 0.0103308 0.0514717 0.0821253 0.102869 0.0923008 0.154306],123.6907766
A1p65_PW0p05us_Em0p95_Es0p20_tfe1p20em6_epi22p00_Iref1p00em7_VFBmp50_VGm0p8_to_2p2,1.65,5e-08,0.95,0.2,1.2e-06,22,1e-07,-0.5,VGm0p8_to_2p2,0,-0.0308133665511936,-0.0307644924699007,-0.0615842977545265,-0.0822642037906667,-0.112926651866588,-0.112926651866588,-0.133725850586443,0,0.0308133665511936,0.0307644924699007,0.0615842977545265,0.0822642037906667,0.112926651866588,0.112926651866588,0.133725850586443,0,0.23005643512444,0.61517054054922,0.0307644924699007,0.051499711320766,0.0306624480759213,0.0207991987198555,0.221709952489457,0,0,0.308019927002077,[1 3 10 30 100 300 1000 3000],[0 0.0308134 0.0307645 0.0615843 0.0822642 0.112927 0.112927 0.133726],134.3362145
A1p65_PW0p05us_Em1p00_Es0p18_tfe1p20em6_epi22p00_Iref1p00em7_VFBmp50_VGm0p8_to_2p2,1.65,5e-08,1,0.18,1.2e-06,22,1e-07,-0.5,VGm0p8_to_2p2,-0.0103307628300757,0,-0.0205693770893534,-0.010197334817861,-0.0512599880910437,-0.113147567692041,-0.113199899219946,-0.102869136389872,0.0103307628300757,0,0.0205693770893534,0.010197334817861,0.0512599880910437,0.113147567692041,0.113199899219946,0.102869136389872,0.100426261876277,0.199956739321655,0.498302891323685,0.0102386142592776,0.0306906110016903,0.0619399111289022,-0.0103307628300741,0.102869136389872,0,0,0.444807500039297,[1 3 10 30 100 300 1000 3000],[0.0103308 0 0.0205694 0.0101973 0.05126 0.113148 0.1132 0.102869],94.989444
A1p65_PW0p05us_Em1p00_Es0p20_tfe1p20em6_epi22p00_Iref1p00em7_VFBmp50_VGm0p8_to_2p2,1.65,5e-08,1,0.2,1.2e-06,22,1e-07,-0.5,VGm0p8_to_2p2,0,-0.0102484253457126,-0.0102484253457129,-0.0411320988575223,-0.0512947412099957,-0.102651267205638,-0.113147567692041,-0.102869136389872,0,0.0102484253457126,0.0102484253457129,0.0411320988575223,0.0512947412099957,0.102651267205638,0.113147567692041,0.102869136389872,0,0.0996258518869216,0.498640729475843,0.0102484253457129,0.0410463158642828,0.0618528264820455,-0.0102784313021693,0.102869136389872,0,0,0.550080042430852,[1 3 10 30 100 300 1000 3000],[0 0.0102484 0.0102484 0.0411321 0.0512947 0.102651 0.113148 0.102869],114.2183714
A1p70_PW0p02us_Em0p95_Es0p18_tfe1p20em6_epi22p00_Iref1p00em7_VFBmp50_VGm0p8_to_2p2,1.7,2e-08,0.95,0.18,1.2e-06,22,1e-07,-0.5,VGm0p8_to_2p2,0,-0.0411276690492719,-0.0410626532731844,-0.0821167022876169,-0.102869136389871,-0.133411254379123,-0.18516450251002,-0.153954504612412,0,0.0411276690492719,0.0410626532731844,0.0821167022876169,0.102869136389871,0.133411254379123,0.18516450251002,0.153954504612412,0,0.266719401141017,0.668178801580699,0.0410626532731844,0.0618064831166871,0.082295366120149,-0.0312099978976088,0.153954504612412,0,0,0.805183289549558,[1 3 10 30 100 300 1000 3000],[0 0.0411277 0.0410627 0.0821167 0.102869 0.133411 0.185165 0.153955],122.330114
A1p70_PW0p02us_Em0p95_Es0p20_tfe1p20em6_epi22p00_Iref1p00em7_VFBmp50_VGm0p8_to_2p2,1.7,2e-08,0.95,0.2,1.2e-06,22,1e-07,-0.5,VGm0p8_to_2p2,-0.0205259513664975,-0.0102753846609498,-0.0615907509211195,-0.0925715152742644,-0.123175077212301,-0.133463381653556,-0.185144478995433,-0.174830176497355,0.0205259513664975,0.0102753846609498,0.0615907509211195,0.0925715152742644,0.123175077212301,0.133463381653556,0.185144478995433,0.174830176497355,0.11740508290803,0.352289016433336,0.704541285034763,0.0410647995546221,0.0615843262911811,0.0619694017831323,-0.0103143024980783,0.174830176497355,0,0,0.508868515445486,[1 3 10 30 100 300 1000 3000],[0.020526 0.0102754 0.0615908 0.0925715 0.123175 0.133463 0.185144 0.17483],133.5239233
A1p70_PW0p02us_Em1p00_Es0p18_tfe1p20em6_epi22p00_Iref1p00em7_VFBmp50_VGm0p8_to_2p2,1.7,2e-08,1,0.18,1.2e-06,22,1e-07,-0.5,VGm0p8_to_2p2,0,0,-0.0307275835579551,-0.0512599880910437,-0.0923312827960335,-0.113199899219946,-0.154363166482573,-0.195428995969396,0,0,0.0307275835579551,0.0512599880910437,0.0923312827960335,0.113199899219946,0.154363166482573,0.195428995969396,0,0.157231445648766,0.472454368084112,0.0307275835579551,0.0616036992380784,0.0620318836865393,0.0410658294868235,0.36914434793876,1,1,6.31893004387868,[1 3 10 30 100 300 1000 3000],[0 0 0.0307276 0.05126 0.0923313 0.1132 0.154363 0.195429],103.4293832
A1p70_PW0p02us_Em1p00_Es0p20_tfe1p20em6_epi22p00_Iref1p00em7_VFBmp50_VGm0p8_to_2p2,1.7,2e-08,1,0.2,1.2e-06,22,1e-07,-0.5,VGm0p8_to_2p2,0,0,-0.0205671576520403,-0.071827145743085,-0.10285801114751,-0.123187996992606,-0.144016809946161,-0.144032403652499,0,0,0.0205671576520403,0.071827145743085,0.10285801114751,0.123187996992606,0.144016809946161,0.144032403652499,0,0.142795351118779,0.714131046480841,0.0205671576520403,0.0822908534954696,0.0411587987986512,1.55937063377465e-05,0.14409836764784,1,1,5.92028408498533,[1 3 10 30 100 300 1000 3000],[0 0 0.0205672 0.0718271 0.102858 0.123188 0.144017 0.144032],119.1520034
A1p70_PW0p03us_Em0p95_Es0p18_tfe1p20em6_epi22p00_Iref1p00em7_VFBmp50_VGm0p8_to_2p2,1.7,3e-08,0.95,0.18,1.2e-06,22,1e-07,-0.5,VGm0p8_to_2p2,0,-0.0512947412099954,-0.0617014759468766,-0.0410626532731845,-0.154306366490692,-0.154363166482573,-0.144032403652498,-0.195428995969396,0,0.0512947412099954,0.0617014759468766,0.0410626532731845,0.154306366490692,0.154363166482573,0.144032403652498,0.195428995969396,0,0.31572324076484,0.789577645452653,0.0617014759468766,0.0926048905438149,-0.0102739628381932,0.0513965923168974,0.412845208814202,0,0,-4.2569730935213,[1 3 10 30 100 300 1000 3000],[0 0.0512947 0.0617015 0.0410627 0.154306 0.154363 0.144032 0.195429],129.6599331
A1p70_PW0p03us_Em0p95_Es0p20_tfe1p20em6_epi22p00_Iref1p00em7_VFBmp50_VGm0p8_to_2p2,1.7,3e-08,0.95,0.2,1.2e-06,22,1e-07,-0.5,VGm0p8_to_2p2,-0.0103307628300756,-0.0410540490144318,-0.0924715749729043,-0.0923920869485664,-0.112926651866588,-0.154026109497347,-0.185144478995432,-0.174830176497355,0.0103307628300756,0.0410540490144318,0.0924715749729043,0.0923920869485664,0.112926651866588,0.154026109497347,0.185144478995432,0.174830176497355,0.0590902728410384,0.528922276608828,0.645921969130408,0.0821408121428286,0.0204550768936841,0.0722178271288436,-0.010314302498077,0.174830176497355,0,0,-2.41919744317327,[1 3 10 30 100 300 1000 3000],[0.0103308 0.041054 0.0924716 0.0923921 0.112927 0.154026 0.185144 0.17483],131.4873442
A1p70_PW0p03us_Em1p00_Es0p18_tfe1p20em6_epi22p00_Iref1p00em7_VFBmp50_VGm0p8_to_2p2,1.7,3e-08,1,0.18,1.2e-06,22,1e-07,-0.5,VGm0p8_to_2p2,0,0,-0.030900139919429,-0.0720935186776082,-0.0926216163255437,-0.102880275204765,-0.164599561304539,-0.133385127523056,0,0,0.030900139919429,0.0720935186776082,0.0926216163255437,0.102880275204765,0.164599561304539,0.133385127523056,0,0.231661059169342,0.694392381261047,0.030900139919429,0.0617214764061147,0.0719779449789955,-0.0312144337814826,0.133385127523056,0,0,0.675991918799024,[1 3 10 30 100 300 1000 3000],[0 0 0.0309001 0.0720935 0.0926216 0.10288 0.1646 0.133385],107.2220992
A1p70_PW0p03us_Em1p00_Es0p20_tfe1p20em6_epi22p00_Iref1p00em7_VFBmp50_VGm0p8_to_2p2,1.7,3e-08,1,0.2,1.2e-06,22,1e-07,-0.5,VGm0p8_to_2p2,-0.0205649412054814,0,-0.0411365347413959,-0.0925715152742642,-0.123422952352991,-0.133725850586443,-0.174543353236645,-0.174543353236645,0.0205649412054814,0,0.0411365347413959,0.0925715152742642,0.123422952352991,0.133725850586443,0.174543353236645,0.174543353236645,0.117821394078522,0.235680900925647,0.707119177352203,0.0205715935359145,0.0822864176115954,0.0511204008836533,2.77555756156289e-16,0.174543353236646,0,0,0.450463939811839,[1 3 10 30 100 300 1000 3000],[0.0205649 0 0.0411365 0.0925715 0.123423 0.133726 0.174543 0.174543],126.9729629
A1p70_PW0p05us_Em0p95_Es0p18_tfe1p20em6_epi22p00_Iref1p00em7_VFBmp50_VGm0p8_to_2p2,1.7,5e-08,0.95,0.18,1.2e-06,22,1e-07,-0.5,VGm0p8_to_2p2,-0.010197334817861,-0.0205693770893545,-0.0822730753710584,-0.102662045626109,-0.133725850586443,-0.164599561304539,-0.174521662264452,-0.164599561304539,0.010197334817861,0.0205693770893545,0.0822730753710584,0.102662045626109,0.133725850586443,0.164599561304539,0.174521662264452,0.164599561304539,0.061952381507227,0.499837756060834,0.81243139122969,0.0720757405531974,0.051452775215385,0.0407958116780086,-0.00992210095991292,0.164599561304539,0,0,-2.73578757359199,[1 3 10 30 100 300 1000 3000],[0.0101973 0.0205694 0.0822731 0.102662 0.133726 0.1646 0.174522 0.1646],141.0656808
A1p70_PW0p05us_Em0p95_Es0p20_tfe1p20em6_epi22p00_Iref1p00em7_VFBmp50_VGm0p8_to_2p2,1.7,5e-08,0.95,0.2,1.2e-06,22,1e-07,-0.5,VGm0p8_to_2p2,-0.010289556544531,-0.0308013360274466,-0.082116702287617,-0.102846899935214,-0.123422952352991,-0.123436294041913,-0.195106081080436,-0.174543353236645,0.010289556544531,0.0308013360274466,0.082116702287617,0.102846899935214,0.123422952352991,0.123436294041913,0.195106081080436,0.174543353236645,0.0589512940695053,0.47046593734385,0.707119177352201,0.071827145743086,0.0413062500653742,0.0716831287274446,-0.0205627278437905,0.174543353236645,0,0,-2.39926312060859,[1 3 10 30 100 300 1000 3000],[0.0102896 0.0308013 0.0821167 0.102847 0.123423 0.123436 0.195106 0.174543],148.5936364
A1p70_PW0p05us_Em1p00_Es0p18_tfe1p20em6_epi22p00_Iref1p00em7_VFBmp50_VGm0p8_to_2p2,1.7,5e-08,1,0.18,1.2e-06,22,1e-07,-0.5,VGm0p8_to_2p2,0,0,-0.0615972181912053,-0.0926216163255437,-0.102880275204766,-0.102880275204765,-0.144002904683469,-0.164285267442486,0,0,0.0615972181912053,0.0926216163255437,0.102880275204766,0.102880275204765,0.144002904683469,0.164285267442486,0,0.374940608796645,0.626229465407074,0.0615972181912053,0.0412830570135607,0.0411226294787028,0.0202823627590169,0.250083066475949,1,0,0.410845317431961,[1 3 10 30 100 300 1000 3000],[0 0 0.0615972 0.0926216 0.10288 0.10288 0.144003 0.164285],123.8425098
A1p70_PW0p05us_Em1p00_Es0p20_tfe1p20em6_epi22p00_Iref1p00em7_VFBmp50_VGm0p8_to_2p2,1.7,5e-08,1,0.2,1.2e-06,22,1e-07,-0.5,VGm0p8_to_2p2,-0.0102753846609498,-0.0308013360274466,-0.0512947412099956,-0.0717945530090663,-0.133463381653556,-0.133725850586443,-0.154306366490692,-0.153978412031164,0.0102753846609498,0.0308013360274466,0.0512947412099956,0.0717945530090663,0.133463381653556,0.133725850586443,0.154306366490692,0.153978412031164,0.0667326317072951,0.333129433752141,0.866766840188896,0.0410193565490458,0.0821686404435603,0.0208429848371356,-0.000327954459527602,0.153978412031164,0,0,0.111752920058441,[1 3 10 30 100 300 1000 3000],[0.0102754 0.0308013 0.0512947 0.0717946 0.133463 0.133726 0.154306 0.153978],135.6109019
A1p75_PW0p02us_Em0p95_Es0p18_tfe1p20em6_epi22p00_Iref1p00em7_VFBmp50_VGm0p8_to_2p2,1.75,2e-08,0.95,0.18,1.2e-06,22,1e-07,-0.5,VGm0p8_to_2p2,-0.030900139919429,-0.0822819587297332,-0.123436294041912,-0.113199899219946,-0.15395450461241,-0.153954504612411,-0.185139439424865,-0.174903044602898,0.030900139919429,0.0822819587297332,0.123436294041912,0.113199899219946,0.15395450461241,0.153954504612411,0.185139439424865,0.174903044602898,0.176670108799907,0.705741254088308,0.880227699648971,0.0925361541224832,0.0305182105704976,0.0311849348124553,-0.0102363948219676,0.174903044602898,0,0,-3.00081986251291,[1 3 10 30 100 300 1000 3000],[0.0309001 0.082282 0.123436 0.1132 0.153955 0.153955 0.185139 0.174903],135.6731837
A1p75_PW0p02us_Em0p95_Es0p20_tfe1p20em6_epi22p00_Iref1p00em7_VFBmp50_VGm0p8_to_2p2,1.75,2e-08,0.95,0.2,1.2e-06,22,1e-07,-0.5,VGm0p8_to_2p2,-0.0308567141965715,-0.0925215007167715,-0.102640512294279,-0.143711806999269,-0.133725850586443,-0.205704996657407,-0.164581751151642,-0.205335028815646,0.0308567141965715,0.0925215007167715,0.102640512294279,0.143711806999269,0.133725850586443,0.205704996657407,0.164581751151642,0.205335028815646,0.150274964649482,0.499868497286121,0.651256881778829,0.0717837980977075,0.0310853382921644,0.0308559005651983,0.0407532776640038,0.377728234110067,0,0,-5.16872807211698,[1 3 10 30 100 300 1000 3000],[0.0308567 0.0925215 0.102641 0.143712 0.133726 0.205705 0.164582 0.205335],149.9236106
A1p75_PW0p02us_Em1p00_Es0p18_tfe1p20em6_epi22p00_Iref1p00em7_VFBmp50_VGm0p8_to_2p2,1.75,2e-08,1,0.18,1.2e-06,22,1e-07,-0.5,VGm0p8_to_2p2,-0.0205259513664975,-0.0103720422714937,-0.0515632699375145,-0.12344965229412,-0.154363166482573,-0.164285267442486,-0.164510051366679,-0.205588673791898,0.0205259513664975,0.0103720422714937,0.0515632699375145,0.12344965229412,0.154363166482573,0.164285267442486,0.164510051366679,0.205588673791898,0.0998398938419844,0.250807931130039,0.750834973714665,0.031037318571017,0.102799896545058,0.0101468848841067,0.0410786224252188,0.379358142038075,0,0,-2.20645482247347,[1 3 10 30 100 300 1000 3000],[0.020526 0.010372 0.0515633 0.12345 0.154363 0.164285 0.16451 0.205589],118.9013901
A1p75_PW0p02us_Em1p00_Es0p20_tfe1p20em6_epi22p00_Iref1p00em7_VFBmp50_VGm0p8_to_2p2,1.75,2e-08,1,0.2,1.2e-06,22,1e-07,-0.5,VGm0p8_to_2p2,-0.0205259513664975,-0.0205259513664976,-0.0719976907101083,-0.102662045626109,-0.123436294041912,-0.184811218808983,-0.184811218808983,-0.164572281772824,0.0205259513664975,0.0205259513664976,0.0719976907101083,0.102662045626109,0.123436294041912,0.184811218808983,0.184811218808983,0.164572281772824,0.124723016205314,0.437483699773296,0.750043037091168,0.0514717393436108,0.0514386033318039,0.0613749247670704,-0.0202389370361589,0.164572281772824,0,0,-2.55459268763676,[1 3 10 30 100 300 1000 3000],[0.020526 0.020526 0.0719977 0.102662 0.123436 0.184811 0.184811 0.164572],132.11754
A1p75_PW0p03us_Em0p95_Es0p18_tfe1p20em6_epi22p00_Iref1p00em7_VFBmp50_VGm0p8_to_2p2,1.75,3e-08,0.95,0.18,1.2e-06,22,1e-07,-0.5,VGm0p8_to_2p2,-0.0615842977545267,-0.0617148010776924,-0.112898440448076,-0.133437339481064,-0.153954504612411,-0.144032403652499,-0.195428995969396,-0.195067094242942,0.0615842977545267,0.0617148010776924,0.112898440448076,0.133437339481064,0.153954504612411,0.144032403652499,0.195428995969396,0.195067094242942,0.315708284852123,0.578767223073865,0.789238724295915,0.0513141426935489,0.041056064164335,0.0414744913569854,-0.00036190172645395,0.195067094242942,0,0,-2.93240007982468,[1 3 10 30 100 300 1000 3000],[0.0615843 0.0617148 0.112898 0.133437 0.153955 0.144032 0.195429 0.195067],142.8617735
A1p75_PW0p03us_Em0p95_Es0p20_tfe1p20em6_epi22p00_Iref1p00em7_VFBmp50_VGm0p8_to_2p2,1.75,3e-08,0.95,0.2,1.2e-06,22,1e-07,-0.5,VGm0p8_to_2p2,-0.0617081341655771,-0.0719976907101085,-0.0821253158391402,-0.143985680196782,-0.133725850586443,-0.184791778582358,-0.174543353236645,-0.14401680994616,0.0617081341655771,0.0719976907101085,0.0821253158391402,0.143985680196782,0.133725850586443,0.184791778582358,0.174543353236645,0.14401680994616,0.428478690707329,0.570248124992091,0.928543345991596,0.0204171816735632,0.0516005347473032,0.0408175026502018,-0.0305265432904849,0.14401680994616,0,0,-0.0798791907962953,[1 3 10 30 100 300 1000 3000],[0.0617081 0.0719977 0.0821253 0.143986 0.133726 0.184792 0.174543 0.144017],155.7712802
A1p75_PW0p03us_Em1p00_Es0p18_tfe1p20em6_epi22p00_Iref1p00em7_VFBmp50_VGm0p8_to_2p2,1.75,3e-08,1,0.18,1.2e-06,22,1e-07,-0.5,VGm0p8_to_2p2,-0.030900139919429,-0.102846899935215,-0.0821253158391403,-0.113304820094544,-0.133780415124195,-0.154374946954963,-0.174882093638175,-0.226155831443939,0.030900139919429,0.102846899935215,0.0821253158391403,0.113304820094544,0.133780415124195,0.154374946954963,0.174882093638175,0.226155831443939,0.136632072328804,0.36313596388293,0.591540860432587,0.0512251759197114,0.0516550992850545,0.0411016785139799,0.0512737378057643,0.443052349084504,0,0,-1.92976432489096,[1 3 10 30 100 300 1000 3000],[0.0309001 0.102847 0.0821253 0.113305 0.13378 0.154375 0.174882 0.226156],125.2303467
A1p75_PW0p03us_Em1p00_Es0p20_tfe1p20em6_epi22p00_Iref1p00em7_VFBmp50_VGm0p8_to_2p2,1.75,3e-08,1,0.2,1.2e-06,22,1e-07,-0.5,VGm0p8_to_2p2,-0.0307644924699007,-0.0411365347413952,-0.102662045626109,-0.102869136389872,-0.164581751151642,-0.143742017209197,-0.195086603469933,-0.205704380630346,0.0307644924699007,0.0411365347413952,0.102662045626109,0.102869136389872,0.164581751151642,0.143742017209197,0.195086603469933,0.205704380630346,0.149556817291047,0.499075641031652,0.800088703251282,0.0718975531562082,0.0619197055255328,0.030504852318291,0.0106177771604133,0.25061936030086,0,0,-2.83453360330408,[1 3 10 30 100 300 1000 3000],[0.0307645 0.0411365 0.102662 0.102869 0.164582 0.143742 0.195087 0.205704],135.1883272
A1p75_PW0p05us_Em0p95_Es0p18_tfe1p20em6_epi22p00_Iref1p00em7_VFBmp50_VGm0p8_to_2p2,1.75,5e-08,0.95,0.18,1.2e-06,22,1e-07,-0.5,VGm0p8_to_2p2,-0.072045563907767,-0.0926216163255437,-0.113199899219946,-0.123449652294121,-0.18516450251002,-0.164285267442485,-0.154374946954964,-0.215936142652607,0.072045563907767,0.0926216163255437,0.113199899219946,0.123449652294121,0.18516450251002,0.164285267442485,0.154374946954964,0.215936142652607,0.333642914163157,0.524228588273243,0.857496573919581,0.0411543353121789,0.0719646032900746,-0.0307895555550566,0.0615611956976432,0.476350334010956,0,0,-4.5798666270697,[1 3 10 30 100 300 1000 3000],[0.0720456 0.0926216 0.1132 0.12345 0.185165 0.164285 0.154375 0.215936],158.2952251
A1p75_PW0p05us_Em0p95_Es0p20_tfe1p20em6_epi22p00_Iref1p00em7_VFBmp50_VGm0p8_to_2p2,1.75,5e-08,0.95,0.2,1.2e-06,22,1e-07,-0.5,VGm0p8_to_2p2,-0.0615778590210946,-0.092521500716771,-0.143985680196782,-0.133463381653557,-0.164581751151641,-0.174543353236645,-0.144016809946161,-0.144001235247393,0.0615778590210946,0.092521500716771,0.143985680196782,0.133463381653557,0.164581751151641,0.174543353236645,0.144016809946161,0.144001235247393,0.427620352806728,0.999891979741813,1.1429190233604,0.0824078211756872,0.0205960709548595,-0.0205649412054802,-1.55746987685612e-05,0.144001235247393,0,0,-8.04205739461885,[1 3 10 30 100 300 1000 3000],[0.0615779 0.0925215 0.143986 0.133463 0.164582 0.174543 0.144017 0.144001],175.162741
A1p75_PW0p05us_Em1p00_Es0p18_tfe1p20em6_epi22p00_Iref1p00em7_VFBmp50_VGm0p8_to_2p2,1.75,5e-08,1,0.18,1.2e-06,22,1e-07,-0.5,VGm0p8_to_2p2,-0.0307275835579535,-0.0720455639077668,-0.0822997593005159,-0.143757169794551,-0.133844698214871,-0.205646586108075,-0.174903044602898,-0.215936142652606,0.0307275835579535,0.0720455639077668,0.0822997593005159,0.143757169794551,0.133844698214871,0.205646586108075,0.174903044602898,0.215936142652606,0.142299400093422,0.381130079890879,0.619834625971797,0.0515721757425625,0.0515449389143547,0.0410583463880277,0.0410330980497076,0.389513035148727,0,0,-2.58237665156618,[1 3 10 30 100 300 1000 3000],[0.0307276 0.0720456 0.0822998 0.143757 0.133845 0.205647 0.174903 0.215936],142.0320741
A1p75_PW0p05us_Em1p00_Es0p20_tfe1p20em6_epi22p00_Iref1p00em7_VFBmp50_VGm0p8_to_2p2,1.75,5e-08,1,0.2,1.2e-06,22,1e-07,-0.5,VGm0p8_to_2p2,-0.0309001399194282,-0.072045563907767,-0.113147567692041,-0.133437339481064,-0.143726896025594,-0.164599561304539,-0.153954504612411,-0.215952805976058,0.0309001399194282,0.072045563907767,0.113147567692041,0.133437339481064,0.143726896025594,0.164599561304539,0.153954504612411,0.215952805976058,0.143087466633121,0.523945809273648,0.665547712501261,0.082247427772613,0.0305793283335533,0.0102276085868163,0.0619983013636478,0.478216027673419,0,0,-5.32404918087961,[1 3 10 30 100 300 1000 3000],[0.0309001 0.0720456 0.113148 0.133437 0.143727 0.1646 0.153955 0.215953],143.6321548
A1p80_PW0p02us_Em0p95_Es0p18_tfe1p20em6_epi22p00_Iref1p00em7_VFBmp50_VGm0p8_to_2p2,1.8,2e-08,0.95,0.18,1.2e-06,22,1e-07,-0.5,VGm0p8_to_2p2,-0.0822819587297332,-0.113199899219946,-0.14401680994616,-0.15395450461241,-0.153954504612411,-0.195067094242941,-0.195410191286108,-0.236164519168925,0.0822819587297332,0.113199899219946,0.14401680994616,0.15395450461241,0.153954504612411,0.195067094242941,0.195410191286108,0.236164519168925,0.34840948597735,0.609815608428238,0.651895149848017,0.0617348512164271,0.00993769466625105,0.041455686673697,0.0407543278828167,0.408562167065212,1,0,0.152397374960145,[1 3 10 30 100 300 1000 3000],[0.082282 0.1132 0.144017 0.153955 0.153955 0.195067 0.19541 0.236165],143.8966671
A1p80_PW0p02us_Em0p95_Es0p20_tfe1p20em6_epi22p00_Iref1p00em7_VFBmp50_VGm0p8_to_2p2,1.8,2e-08,0.95,0.2,1.2e-06,22,1e-07,-0.5,VGm0p8_to_2p2,-0.061584297754526,-0.133489379710378,-0.123436294041912,-0.14401680994616,-0.164250706032257,-0.164267968575695,-0.144016809946161,-0.205704380630346,0.061584297754526,0.133489379710378,0.123436294041912,0.14401680994616,0.164250706032257,0.164267968575695,0.144016809946161,0.205704380630346,0.299382529267541,0.600066433508428,0.79847937865464,0.0618519962873862,0.0408144119903444,-0.0202338960860955,0.0616875706841854,0.466653159394859,0,0,-7.60336141756069,[1 3 10 30 100 300 1000 3000],[0.0615843 0.133489 0.123436 0.144017 0.164251 0.164268 0.144017 0.205704],158.9229515
A1p80_PW0p02us_Em1p00_Es0p18_tfe1p20em6_epi22p00_Iref1p00em7_VFBmp50_VGm0p8_to_2p2,1.8,2e-08,1,0.18,1.2e-06,22,1e-07,-0.5,VGm0p8_to_2p2,-0.0514260912859265,-0.082299759300517,-0.143742017209197,-0.164572281772824,-0.143757169794551,-0.174478177184129,-0.19539133897404,-0.236430786439949,0.0514260912859265,0.082299759300517,0.143742017209197,0.164572281772824,0.143757169794551,0.174478177184129,0.19539133897404,0.236430786439949,0.217510130809416,0.607966582413354,0.608030671297811,0.0923159259232708,1.51525853540613e-05,0.0516341691794884,0.041039447465909,0.410034538032403,0,0,-2.63914261397954,[1 3 10 30 100 300 1000 3000],[0.0514261 0.0822998 0.143742 0.164572 0.143757 0.174478 0.195391 0.236431],122.5100846
A1p80_PW0p02us_Em1p00_Es0p20_tfe1p20em6_epi22p00_Iref1p00em7_VFBmp50_VGm0p8_to_2p2,1.8,2e-08,1,0.2,1.2e-06,22,1e-07,-0.5,VGm0p8_to_2p2,-0.0411365347413954,-0.102846899935215,-0.102662045626109,-0.12344965229412,-0.143757169794551,-0.164285267442485,-0.195410191286108,-0.174903044602898,0.0411365347413954,0.102846899935215,0.102662045626109,0.12344965229412,0.143757169794551,0.164285267442485,0.195410191286108,0.174903044602898,0.235196218766759,0.586965457686537,0.821924913433833,0.0615255108847135,0.0410951241684421,0.0516530214915574,-0.0205071466832101,0.174903044602898,0,0,-2.79102426265586,[1 3 10 30 100 300 1000 3000],[0.0411365 0.102847 0.102662 0.12345 0.143757 0.164285 0.19541 0.174903],135.399015
A1p80_PW0p03us_Em0p95_Es0p18_tfe1p20em6_epi22p00_Iref1p00em7_VFBmp50_VGm0p8_to_2p2,1.8,3e-08,0.95,0.18,1.2e-06,22,1e-07,-0.5,VGm0p8_to_2p2,-0.112898440448075,-0.112898440448075,-0.143742017209197,-0.154363166482573,-0.174903044602899,-0.195428995969396,-0.205356650787472,-0.164572281772825,0.112898440448075,0.112898440448075,0.143742017209197,0.154363166482573,0.174903044602899,0.195428995969396,0.205356650787472,0.164572281772825,0.686011272566057,0.873427868051428,1.062773407033,0.0308435767611221,0.0311610273937021,0.0304536061845723,-0.0407843690146469,0.164572281772825,0,0,-0.492197294798053,[1 3 10 30 100 300 1000 3000],[0.112898 0.112898 0.143742 0.154363 0.174903 0.195429 0.205357 0.164572],151.7671702
A1p80_PW0p03us_Em0p95_Es0p20_tfe1p20em6_epi22p00_Iref1p00em7_VFBmp50_VGm0p8_to_2p2,1.8,3e-08,0.95,0.2,1.2e-06,22,1e-07,-0.5,VGm0p8_to_2p2,-0.051471739343611,-0.113095325280926,-0.174771334273422,-0.154306366490692,-0.174543353236645,-0.154306366490693,-0.174889117849071,-0.154002280686545,0.051471739343611,0.113095325280926,0.174771334273422,0.154306366490692,0.174543353236645,0.154306366490693,0.174889117849071,0.154002280686545,0.334227123872121,1.13486198707115,1.13338161265228,0.123299594929811,-0.000227981036776626,0.000345764612425303,-0.0208868371625255,0.154002280686545,0,0,-3.61584668694064,[1 3 10 30 100 300 1000 3000],[0.0514717 0.113095 0.174771 0.154306 0.174543 0.154306 0.174889 0.154002],155.84847
A1p80_PW0p03us_Em1p00_Es0p18_tfe1p20em6_epi22p00_Iref1p00em7_VFBmp50_VGm0p8_to_2p2,1.8,3e-08,1,0.18,1.2e-06,22,1e-07,-0.5,VGm0p8_to_2p2,-0.0101582064686002,-0.0512251759197114,-0.123200944659097,-0.14375716979455,-0.153954504612411,-0.19541019128611,-0.205378317103559,-0.205400026699023,0.0101582064686002,0.0512251759197114,0.123200944659097,0.14375716979455,0.153954504612411,0.19541019128611,0.205378317103559,0.205400026699023,0.0494557212667028,0.599809779185792,0.749534978581107,0.113042738190497,0.0307535599533142,0.051423812491148,2.17095954641588e-05,0.205491861931972,1,0,0.380217170614408,[1 3 10 30 100 300 1000 3000],[0.0101582 0.0512252 0.123201 0.143757 0.153955 0.19541 0.205378 0.2054],134.9189272
A1p80_PW0p03us_Em1p00_Es0p20_tfe1p20em6_epi22p00_Iref1p00em7_VFBmp50_VGm0p8_to_2p2,1.8,3e-08,1,0.2,1.2e-06,22,1e-07,-0.5,VGm0p8_to_2p2,-0.0514260912859265,-0.0821167022876168,-0.133725850586443,-0.133780415124195,-0.184830699420974,-0.205356650787472,-0.205646586108076,-0.215936142652607,0.0514260912859265,0.0821167022876168,0.133725850586443,0.133780415124195,0.184830699420974,0.205356650787472,0.205646586108076,0.215936142652607,0.238154162865916,0.619284242756797,0.855950732241828,0.0822997593005168,0.0511048488345311,0.0208158866871012,0.010289556544531,0.259462694023386,1,0,-0.0550754575709226,[1 3 10 30 100 300 1000 3000],[0.0514261 0.0821167 0.133726 0.13378 0.184831 0.205357 0.205647 0.215936],154.6769659
A1p80_PW0p05us_Em0p95_Es0p18_tfe1p20em6_epi22p00_Iref1p00em7_VFBmp50_VGm0p8_to_2p2,1.8,5e-08,0.95,0.18,1.2e-06,22,1e-07,-0.5,VGm0p8_to_2p2,-0.123187996992606,-0.102672847011163,-0.164285267442485,-0.154363166482573,-0.195428995969396,-0.14400290468347,-0.184850219455625,-0.15435184489808,0.123187996992606,0.102672847011163,0.164285267442485,0.154363166482573,0.195428995969396,0.14400290468347,0.184850219455625,0.15435184489808,0.798098636747415,1.06435570984567,1.2661267255888,0.0410972704498788,0.0311437285269112,-0.0105787765137717,-0.0304983745575443,0.15435184489808,0,0,-5.96331246575894,[1 3 10 30 100 300 1000 3000],[0.123188 0.102673 0.164285 0.154363 0.195429 0.144003 0.18485 0.154352],176.4252419
A1p80_PW0p05us_Em0p95_Es0p20_tfe1p20em6_epi22p00_Iref1p00em7_VFBmp50_VGm0p8_to_2p2,1.8,5e-08,0.95,0.2,1.2e-06,22,1e-07,-0.5,VGm0p8_to_2p2,-0.0718271457430857,-0.133489379710378,-0.143726896025594,-0.174830176497354,-0.123200944659097,-0.154306366490692,-0.184791778582358,-0.154249660593106,0.0718271457430857,0.133489379710378,0.143726896025594,0.174830176497354,0.123200944659097,0.154306366490692,0.184791778582358,0.154249660593106,0.465655129916675,0.931780954803724,0.798711285233155,0.0718997502825087,-0.0205259513664969,0.0615908339232604,-0.030542117989252,0.154249660593106,0,0,-3.03030885328196,[1 3 10 30 100 300 1000 3000],[0.0718271 0.133489 0.143727 0.17483 0.123201 0.154306 0.184792 0.15425],173.9826874
A1p80_PW0p05us_Em1p00_Es0p18_tfe1p20em6_epi22p00_Iref1p00em7_VFBmp50_VGm0p8_to_2p2,1.8,5e-08,1,0.18,1.2e-06,22,1e-07,-0.5,VGm0p8_to_2p2,-0.0822908534954681,-0.0926718015720115,-0.133835068834637,-0.143772353032946,-0.195047554273484,-0.185079428456034,-0.225928124346959,-0.215597361516884,0.0822908534954681,0.0926718015720115,0.133835068834637,0.143772353032946,0.195047554273484,0.185079428456034,0.225928124346959,0.215597361516884,0.381687664990388,0.620763945778419,0.904684328700418,0.0515442153391693,0.0612124854388462,0.0308805700734749,-0.0103307628300744,0.215597361516884,0,0,-0.092138699551944,[1 3 10 30 100 300 1000 3000],[0.0822909 0.0926718 0.133835 0.143772 0.195048 0.185079 0.225928 0.215597],148.906518
A1p80_PW0p05us_Em1p00_Es0p20_tfe1p20em6_epi22p00_Iref1p00em7_VFBmp50_VGm0p8_to_2p2,1.8,5e-08,1,0.2,1.2e-06,22,1e-07,-0.5,VGm0p8_to_2p2,-0.071827145743085,-0.0717945530090658,-0.10286913638987,-0.184811218808983,-0.185139439424866,-0.154374946954964,-0.195067094242941,-0.226211527313556,0.071827145743085,0.0717945530090658,0.10286913638987,0.184811218808983,0.185139439424866,0.154374946954964,0.195067094242941,0.226211527313556,0.317522040525919,0.454747543644322,0.818435035665715,0.0310419906467851,0.0822703030349961,0.00992765481807478,0.0311444330706153,0.357957707053678,0,0,-2.48051201706071,[1 3 10 30 100 300 1000 3000],[0.0718271 0.0717946 0.102869 0.184811 0.185139 0.154375 0.195067 0.226212],166.7373801
